Version,Segment,System Source,LSM Schema Name,Target Table Name,Mapping Session Workflow Names,Frequency,Source Schema Name,Source Object Name,Dependencies,Join Condition,Filter Condition,Load Strategy,Design Consideration,Comments
0.1,POLICY,ACTURIS-SDW,dap_motability_policy_lsm,dim_policy,dap_motability_policy_lsm_dbt_dag.dim_policy,Daily,ext_curation_motability,"mo_sdw_policy, mo_sdw_product_question_answer,  mo_sdw_policy_reprt_answer, mo_sdw_part,  mo_sdw_product_question, mo_sdw_policy_reprt_fields_up, mo_sdw_policy_reprt_question.",mo_sdw_policy,,delta process everyday based on the curation dap_process_timestamp,While populating dim_policy we will be considering  only the first created record of that day.,Policy number is Unique.,Latest record of the policy is considered basis of policy number and transaction date(created date).
0.1,POLICY,ACTURIS-SDW,dap_motability_policy_lsm,dim_vehicle,dap_motability_policy_lsm_dbt_dag.dim_vehicle,Daily,ext_curation_motability,"mo_sdw_part_answer_bridge,  mo_sdw_product_question, mo_sdw_policy, mo_sdw_product_question_answer, mo_sdw_part.",mo_sdw_policy,,delta process everyday based on the curation dap_process_timestamp,While populating dim_vehicle we will be considering  only the policy latest record of that day.,Vehicle registration number,Latest record of the vehicle against the policy based on the vehicle key( policy number and vehicle registration number) based on the created time of the policy.
0.1,POLICY,ACTURIS-SDW,dap_motability_policy_lsm,dim_driver,dap_motability_policy_lsm_dbt_dag.dim_driver,Daily,ext_curation_motability,"mo_sdw_part_answer_bridge, mo_sdw_policy, mo_sdw_product_question,mo_sdw_product_question_answer, mo_sdw_part",mo_sdw_policy,,delta process everyday based on the curation dap_process_timestamp,While populating dim_driver we will be considering  only the policy latest record of that day.,Combination of driver_first_name+driver_surname+driving_licence_number+driver_date_of_birth+test_passed_date will be unique.,Latest record of the driver against  first name + last name + dob + registration number ) based on created time of the policy.
0.1,POLICY,ACTURIS-SDW,dap_motability_policy_lsm,dim_transaction_status,dap_motability_policy_lsm_dbt_dag.dim_transaction_status,Daily,ext_curation_motability,mo_sdw_policy,mo_sdw_policy,,delta process everyday based on the curation dap_process_timestamp,Populate directly from mo_sdw_policy using  mo_plc_policy_status_description column.,mo_plc_policy_status_description,All the possible distinct transaction status are captured in the dimension. Updates are made only when a new transaction status is introduced in the data.
0.1,POLICY,ACTURIS-SDW,dap_motability_policy_lsm,dim_lifecycle_status,dap_motability_policy_lsm_dbt_dag.dim_lifecycle_status,Daily,ext_curation_motability,mo_sdw_policy,mo_sdw_policy,,delta process everyday based on the curation dap_process_timestamp,Populate directly from mo_sdw_policy using  mo_plc_business_event_description column.,mo_plc_business_event_description,All the possible distinct business events are captured in the dimension. Updates are made only when a new business event is introduced in the data.
0.1,POLICY,ACTURIS-SDW,dap_motability_policy_lsm,dim_adaptation,dap_motability_policy_lsm_dbt_dag.dim_adaptation,Daily,ext_curation_motability,"mo_sdw_part_answer_bridge, mo_sdw_policy, mo_sdw_product_question, mo_sdw_part",mo_sdw_policy,,delta process everyday based on the curation dap_process_timestamp,While populating dim_adaptation we will be considering  only the latest record of that day.,Vehicle registration number,Adaptation is captured only for the latest record of the policy number on a day against a vehicle.
0.1,POLICY,ACTURIS-SDW,dap_motability_policy_lsm,dim_driver_group,dap_motability_policy_lsm_dbt_dag.dim_driver_group,Daily,ext_curation_motability,mo_sdw_policy,mo_sdw_policy,,delta process everyday based on the curation dap_process_timestamp,While populating dim_driver_group we will be considering  all the records of that day.,This table combines policy and driver.,All the possible combination of the policy number and created date of the day.
0.1,POLICY,ACTURIS-SDW,dap_motability_policy_lsm,brdg_driver_group,dap_motability_policy_lsm_dbt_dag.brdg_driver_group,Daily,ext_curation_motability,"mo_sdw_product_question_answer,
mo_sdw_part,
mo_sdw_policy",mo_sdw_policy,,delta process everyday based on the curation dap_process_timestamp,While populating brdg_driver_group we will be considering  only the latest address of the policy for that day.,driver_first_name+driver_surname+driving_licence_number+driver_date_of_birth,For every single part and policy number we are considering the latest record on created time of the day.
0.1,POLICY,ACTURIS-SDW,dap_motability_policy_lsm,dim_address,dap_motability_policy_lsm_dbt_dag.dim_address,Daily,ext_curation_motability,"mo_sdw_address, mo_sdw_address_pii, mo_sdw_part_address_pii, mo_sdw_part_address, mo_sdw_part_answer_bridge",mo_sdw_policy,,delta process everyday based on the curation dap_process_timestamp,While populating dim_address we will be considering  all the records of that day.,"combination of address_line_1, address_line_2, address_line_3, city.",All the possible distinct address are captured in the dimension. Updates are made only when a new address is introduced in the data.
0.1,POLICY,ACTURIS-SDW,dap_motability_policy_lsm,dim_party,dap_motability_policy_lsm_dbt_dag.dim_party,Daily,ext_curation_motability,"mo_sdw_contact_people_pii,  mo_sdw_client_pii, mo_sdw_contact_reprt_answer, mo_sdw_contact_people,  mo_sdw_client, mo_sdw_contact_reprt_fields_up, mo_sdw_contact_reprt_question , mo_sdw_contact_reprt_answer  , mo_sdw_client_additional_detail",mo_sdw_client,,delta process everyday based on the curation dap_process_timestamp,While populating dim_party we will be considering  only the latest record of the customer for that day only for policyholder and appointee.,"combination of mo_clnt_pii_name, mo_clnt_pii_first_name, mo_clnt_company_reg_no, mo_clnt_old_contact_ref.",For every customer/policyholder only the latest record is considered based on created date.
0.1,POLICY,ACTURIS-SDW,dap_motability_policy_lsm,dim_conviction,dap_motability_policy_lsm_dbt_dag.dim_conviction,Daily,ext_curation_motability,"mo_sdw_part_answer_bridge, mo_sdw_policy, mo_sdw_product_question,mo_sdw_product_question_answer, mo_sdw_part",mo_sdw_policy,,delta process everyday based on the curation dap_process_timestamp,Populating dim_conviction based on the driver details.,Combination of driver_first_name+driver_surname+driving_licence_number+driver_date_of_birth+test_passed_date will be unique.,Conviction is captured only for the latest record of the policy number on a day against a driver.
0.1,POLICY,ACTURIS-SDW,dap_motability_policy_lsm,dim_restriction,dap_motability_policy_lsm_dbt_dag.dim_restriction,Daily,ext_curation_motability,"mo_sdw_part_answer_bridge, mo_sdw_policy, mo_sdw_product_question,mo_sdw_product_question_answer, mo_sdw_part",mo_sdw_policy,,delta process everyday based on the curation dap_process_timestamp,Populating dim_restriction based on the driver details.,Combination of driver_first_name+driver_surname+driving_licence_number+driver_date_of_birth+test_passed_date will be unique.,Restriction is captured only for the latest record of the policy number on a day against a driver.
0.1,POLICY,ACTURIS-SDW,dap_motability_policy_lsm,fact_insured_risk,dap_motability_policy_lsm_dbt_dag.fact_insured_risk,Daily,ext_curation_motability,"mo_sdw_policy, mo_sdw_product_question_answer,  mo_sdw_policy_reprt_answer, mo_sdw_part,  mo_sdw_product_question, mo_sdw_policy_reprt_fields_up, mo_sdw_policy_reprt_question, dim_policy, dim_party, dim_vehicle, dim_amendment_reason , dim_channel, dim_user_hierarchy.",mo_sdw_policy,,delta process everyday based on the curation dap_process_timestamp,While populating fact_insured_risk we will be considering  all the records or the updates on the policy of that day.,Policy number and transaction date.,While populating fact_insured_risk we will be considering  all the records or the updates on the policy of that day.
0.2,POLICY,ACTURIS-SDW,dap_motability_policy_lsm,fact_insured_risk_daily_snapshot,dap_motability_policy_lsm_dbt_dag.fact_insured_risk_daily_snapshot,Daily,ext_curation_motability,"mo_sdw_policy, mo_sdw_product_question_answer,  mo_sdw_policy_reprt_answer, mo_sdw_part,  mo_sdw_product_question, mo_sdw_policy_reprt_fields_up, mo_sdw_policy_reprt_question, dim_policy, dim_party, dim_vehicle, dim_amendment_reason , dim_channel, dim_user_hierarchy.",fact_insured_risk,,delta process everyday based on the curation dap_process_timestamp,All the fields present are populated using fact_insured_risk along with the condition of having only the latest version of the policy.,Policy number of live policies and transaction date.,All the fields present are populated using fact_insured_risk along with the condition of having only the latest version of the policy.
0.2,POLICY,ACTURIS-SDW,dap_motability_policy_lsm,fact_policy_process,dap_motability_policy_lsm_dbt_dag.fact_policy_process,Daily,ext_curation_motability,"mo_sdw_process_request, mo_sdw_process_request_status, mo_sdw_policy, dim_party",mo_sdw_process_request,,delta process everyday based on the curation dap_process_timestamp,While populating fact_policy_process we will be considering only the completed records against the policy and customer of that day.,Policy number is Unique.,While populating fact_policy_process we will be considering only the completed records against the policy and customer of that day.
0.2,POLICY,ACTURIS-SDW,dap_motability_policy_lsm,dim_amendment_reason,dap_motability_policy_lsm_dbt_dag.dim_amendment_reason,Daily,ext_curation_motability,"mo_sdw_mta_reason, mo_sdw_temporary_mta_reason, mo_sdw_policy.",mo_sdw_policy,,delta process everyday based on the curation dap_process_timestamp,"Populate unique values against mo_plc_mta_reason_key and mo_plc_temporary_mta_reason_key from mo_sdw_policy and mo_sdw_mta_reason, mo_sdw_temporary_mta_reason tables.","mo_mta_rsn_description, mo_temp_mta_rsn_description",All the possible distinct amendment reason are captured in the dimension. Updates are made only when a new amendment reason is introduced in the data.
0.2,POLICY,ACTURIS-SDW,dap_motability_policy_lsm,dim_channel,dap_motability_policy_lsm_dbt_dag.dim_channel,Daily,ext_curation_motability,"mo_sdw_policy,  mo_sdw_policy_reprt_answer, mo_sdw_policy_reprt_fields_up, mo_sdw_policy_reprt_question.",mo_sdw_policy,,delta process everyday based on the curation dap_process_timestamp,Populate directly from mo_sdw_policy_reprt_answer where question_text is 'Originating Channel'.,Policy number.,All the possible distinct channel are captured in the dimension. Updates are made only when a new channel is introduced in the data.
0.2,POLICY,ACTURIS-SDW,dap_motability_policy_lsm,dim_user_hierarchy,dap_motability_policy_lsm_dbt_dag.dim_user_hierarchy,Daily,ext_raw_imi_pii,staff_hierarchy,mo_sdw_policy,,delta process everyday based on the curation dap_process_timestamp,While populating dim_user_hierarchy we will be considering  all the records of that day.,ewfmid,All the possible distinct user are captured in the dimension. Updates are made only when a new user is introduced in the data.
0.2,POLICY,ACTURIS-SDW,dap_motability_policy_lsm,fact_task_detail,dap_motability_policy_lsm_dbt_dag.fact_task_detail,Daily,ext_curation_motability,"mo_sdw_activity_policy_bridge, mo_sdw_task, mo_sdw_activity_type, dim_policy, dim_party.",mo_sdw_task,,delta process everyday based on the curation dap_process_timestamp,While populating fact_task_detail we will be considering  all the records of that day.,tsk_task_key,All unique task are loaded against a policy and client of the day.
